sleeper ID,player,yr 1,probability 1st outcome,yr 2+ 1st outcome position rank,probability 2nd outcome,yr 2+ 2nd outcome position rank
4984,Josh Allen,1.5,80%,1.5,20%,7
4881,Lamar Jackson,1.5,80%,1.5,20%,7
11566,Jayden Daniels,3,70%,3,30%,14.5
6770,Joe Burrow,12,80%,12,20%,1.5
6904,Jalen Hurts,7,80%,7,20%,64.5
4046,Patrick Mahomes,7,70%,7,30%,3
6797,Justin Herbert,7,80%,7,20%,19.5
6804,Jordan Love,24,60%,24,40%,12
9758,C.J. Stroud,19.5,90%,19.5,10%,64.5
5849,Kyler Murray,19.5,60%,19.5,40%,64.5
11560,Caleb Williams,7,60%,7,40%,19.5
11564,Drake Maye,7,60%,7,40%,19.5
8183,Brock Purdy,7,60%,7,40%,19.5
11563,Bo Nix,19.5,60%,19.5,40%,7
4892,Baker Mayfield,19.5,90%,19.5,10%,64.5
9229,Anthony Richardson,64.5,95%,64.5,5%,1.5
3163,Jared Goff,12,60%,12,40%,24
3294,Dak Prescott,12,60%,12,40%,24
7523,Trevor Lawrence,7,60%,7,40%,19.5
11565,J.J. McCarthy,64.5,10%,19.5,90%,64.5
11559,Michael Penix,31,30%,26,70%,64.5
6768,Tua Tagovailoa,31,30%,26,70%,64.5
9228,Bryce Young,26,50%,26,50%,64.5
1234,Russell Wilson,64.5,80%,64.5,20%,26
4943,Sam Darnold,19.5,90%,19.5,10%,64.5
1166,Kirk Cousins,64.5,70%,64.5,30%,26
1373,Geno Smith,28.5,50%,28.5,50%,64.5
96,Aaron Rodgers,31,80%,31,20%,26
421,Matthew Stafford,14.5,80%,14.5,20%,1.5
9999,Will Levis,64.5,95%,64.5,5%,26
,Derek Carr,64.5,95%,64.5,5%,26
,Aidan O'Connell,64.5,80%,64.5,20%,64.5
7591,Justin Fields,64.5,95%,64.5,5%,14.5
2306,Jameis Winston,64.5,80%,64.5,20%,64.5
4017,Deshaun Watson,64.5,95%,64.5,5%,26
5870,Daniel Jones,19.5,60%,19.5,40%,64.5
,Sam Howell,64.5,80%,64.5,20%,64.5
,Gardner Minshew,64.5,80%,64.5,20%,64.5
7527,Mac Jones,64.5,80%,64.5,20%,25
,Jake Browning,64.5,80%,64.5,20%,64.5
,Drew Lock,64.5,80%,64.5,20%,64.5
,Kenny Pickett,64.5,80%,64.5,20%,64.5
3257,Jacoby Brissett,28.5,80%,64.5,20%,25
11562,Spencer Rattler,64.5,80%,64.5,20%,64.5
,Hendon Hooker,64.5,80%,64.5,20%,64.5
7610,Trey Lance,64.5,80%,64.5,20%,64.5
,Desmond Ridder,64.5,80%,64.5,20%,64.5
6136,Jarrett Stidham,64.5,80%,64.5,20%,64.5
8161,Malik Willis,19.5,20%,19.5,80%,64.5
,Tommy DeVito,64.5,80%,64.5,20%,64.5
,Jordan Travis,64.5,80%,64.5,20%,64.5
,Cooper Rush,64.5,80%,64.5,20%,64.5
11557,Joe Milton,64.5,80%,64.5,20%,64.5
,Dorian Thompson-Robinson,64.5,80%,64.5,20%,64.5
,Zach Wilson,64.5,80%,64.5,20%,64.5
,Mason Rudolph,64.5,80%,64.5,20%,64.5
,Andy Dalton,64.5,80%,64.5,20%,64.5
7083,Tyler Huntley,64.5,80%,64.5,20%,64.5
19,Joe Flacco,64.5,90%,64.5,10%,26
11256,Tyson Bagent,64.5,80%,64.5,20%,64.5
2307,Marcus Mariota,64.5,80%,64.5,20%,64.5
,Jake Haener,64.5,80%,64.5,20%,64.5
7585,Davis Mills,64.5,80%,64.5,20%,64.5
,Joshua Dobbs,64.5,80%,64.5,20%,64.5
,Kyle Trask,64.5,80%,64.5,20%,64.5
,Bailey Zappe,64.5,80%,64.5,20%,64.5
827,Tyrod Taylor,64.5,80%,64.5,20%,64.5
,Nick Mullens,64.5,80%,64.5,20%,64.5
,Taylor Heinicke,64.5,80%,64.5,20%,64.5
,Clayton Tune,64.5,80%,64.5,20%,64.5
,Skylar Thompson,64.5,80%,64.5,20%,64.5
,Mitchell Trubisky,64.5,80%,64.5,20%,64.5
3161,Carson Wentz,64.5,80%,64.5,20%,64.5
,Sam Ehlinger,64.5,80%,64.5,20%,64.5
1837,Jimmy Garoppolo,64.5,80%,64.5,20%,64.5
,Kyle Allen,64.5,80%,64.5,20%,64.5
,Malik Cunningham,64.5,80%,64.5,20%,64.5
,Michael Pratt,64.5,80%,64.5,20%,64.5
,Mike White,64.5,80%,64.5,20%,64.5
,P.J. Walker,64.5,80%,64.5,20%,64.5
,Ryan Tannehill,64.5,80%,64.5,20%,64.5
,Sean Clifford,64.5,80%,64.5,20%,64.5
,Kellen Mond,64.5,80%,64.5,20%,64.5
,Jaren Hall,64.5,80%,64.5,20%,64.5
,Devin Leary,64.5,80%,64.5,20%,64.5
,Teddy Bridgewater,64.5,80%,64.5,20%,64.5
,Tim Boyle,64.5,80%,64.5,20%,64.5
,C.J. Beathard,64.5,80%,64.5,20%,64.5
9509,Bijan Robinson,1.5,80%,1.5,20%,5
4866,Saquon Barkley,8.5,80%,8.5,20%,1
9221,Jahmyr Gibbs,1.5,80%,1.5,20%,5
8155,Breece Hall,14.5,80%,14.5,20%,5
9226,De'Von Achane,5,90%,5,10%,5
8151,Kenneth Walker,8.5,80%,8.5,20%,29
5850,Josh Jacobs,14.5,80%,14.5,20%,14.5
11584,Bucky Irving,14.5,80%,14.5,20%,5
4018,Joe Mixon,29,50%,29,50%,18.5
9224,Chase Brown,8.5,20%,8.5,80%,22.5
4035,Alvin Kamara,18.5,80%,18.5,20%,14.5
8150,Kyren Williams,14.5,80%,14.5,20%,29
3198,Derrick Henry,14.5,80%,14.5,20%,8.5
6813,Jonathan Taylor,3.5,50%,3.5,50%,8.5
8138,James Cook,8.5,20%,8.5,80%,14.5
7594,Chuba Hubbard,35.5,70%,35.5,30%,22.5
8154,Brian Robinson,50,70%,50,30%,29
8205,Isiah Pacheco,50,70%,50,30%,29
11655,Tyrone Tracy,50,80%,50,20%,41.5
7543,Travis Etienne,14.5,70%,14.5,30%,22.5
6790,D'Andre Swift,29,60%,29,40%,46.5
4034,Christian McCaffrey,3.5,50%,5,50%,8.5
7528,Najee Harris,119.5,80%,119.5,20%,54.5
7611,Rhamondre Stevenson,29,80%,29,20%,22.5
11583,Jonathon Brooks,35.5,90%,35.5,10%,14.5
4137,James Conner,41.5,50%,41.5,50%,54.5
5967,Tony Pollard,35.5,60%,35.5,40%,41.5
5892,David Montgomery,41.5,70%,41.5,30%,50
7588,Javonte Williams,18.5,70%,18.5,30%,41.5
4199,Aaron Jones,22.5,70%,22.5,30%,41.5
6806,J.K. Dobbins,22.5,70%,22.5,30%,41.5
11651,Isaac Guerendo,119.5,95%,119.5,5%,54.5
4988,Nick Chubb,54.5,80%,54.5,20%,41.5
11589,Trey Benson,22.5,50%,22.5,50%,50
8228,Jaylen Warren,22.5,60%,22.5,40%,41.5
9508,Tyjae Spears,35.5,40%,35.5,60%,41.5
4663,Austin Ekeler,119.5,95%,119.5,5%,46.5
8136,Rachaad White,46.5,50%,46.5,50%,41.5
9753,Zach Charbonnet,46.5,60%,22.5,40%,14.5
9225,Tank Bigsby,119.5,95%,119.5,5%,29
11576,Braelon Allen,119.5,80%,119.5,20%,41.5
11643,Jaylen Wright,119.5,95%,119.5,5%,46.5
8132,Tyler Allgeier,41.5,50%,41.5,50%,50
11575,Ray Davis,54.5,80%,54.5,20%,41.5
,Alexander Mattison,119.5,80%,119.5,20%,119.5
9757,Kendre Miller,54.5,95%,54.5,5%,29
11577,Will Shipley,54.5,50%,54.5,50%,119.5
11581,MarShawn Lloyd,119.5,95%,119.5,5%,54.5
11586,Blake Corum,41.5,80%,41.5,20%,29
7021,Rico Dowdle,35.5,50%,35.5,50%,41.5
,Gus Edwards,119.5,80%,119.5,20%,119.5
10235,Roschon Johnson,119.5,80%,119.5,20%,119.5
11579,Audric Estime,119.5,80%,119.5,20%,119.5
8143,Jerome Ford,119.5,80%,119.5,20%,119.5
9511,Keaton Mitchell,119.5,80%,119.5,20%,119.5
11439,Jaleel McLaughlin,119.5,80%,119.5,20%,119.5
,Ty Chandler,119.5,80%,119.5,20%,119.5
,Zack Moss,119.5,80%,119.5,20%,119.5
6130,Devin Singletary,119.5,80%,119.5,20%,119.5
,Raheem Mostert,119.5,80%,119.5,20%,119.5
,Miles Sanders,119.5,80%,119.5,20%,119.5
,Zamir White,119.5,80%,119.5,20%,119.5
,Ezekiel Elliott,119.5,80%,119.5,20%,119.5
6945,Antonio Gibson,119.5,80%,119.5,20%,119.5
8129,Dameon Pierce,119.5,80%,119.5,20%,119.5
8408,Jordan Mason,41.5,50%,41.5,50%,50
11647,Kimani Vidal,119.5,80%,119.5,20%,119.5
9506,Sean Tucker,119.5,80%,119.5,20%,119.5
4098,Kareem Hunt,119.5,80%,119.5,20%,119.5
5995,Justice Hill,119.5,80%,119.5,20%,119.5
,Cam Akers,119.5,80%,119.5,20%,119.5
,Khalil Herbert,119.5,80%,119.5,20%,119.5
11435,Emanuel Wilson,119.5,80%,119.5,20%,119.5
7567,Kenneth Gainwell,46.5,70%,46.5,30%,22.5
,Dylan Laube,119.5,80%,119.5,20%,119.5
11199,Emari Demercado,119.5,80%,119.5,20%,119.5
,Carson Steele,119.5,80%,119.5,20%,119.5
,Tyler Goodson,119.5,80%,119.5,20%,119.5
,Elijah Mitchell,119.5,80%,119.5,20%,119.5
,Trey Sermon,119.5,80%,119.5,20%,119.5
11570,Rasheen Ali,119.5,80%,119.5,20%,119.5
,Ameer Abdullah,119.5,80%,119.5,20%,119.5
,Ty Johnson,119.5,80%,119.5,20%,119.5
,Chris Brooks,119.5,80%,119.5,20%,119.5
,Sione Vaki,119.5,80%,119.5,20%,119.5
11571,Isaiah Davis,119.5,80%,119.5,20%,119.5
,Deuce Vaughn,119.5,80%,119.5,20%,119.5
,Frank Gore,119.5,80%,119.5,20%,119.5
10219,Chris Rodriguez,119.5,80%,119.5,20%,119.5
,AJ Dillon,119.5,80%,119.5,20%,119.5
,Tyler Badie,119.5,80%,119.5,20%,119.5
,Eric Gray,119.5,80%,119.5,20%,119.5
,Hassan Haskins,119.5,80%,119.5,20%,119.5
,Israel Abanikanda,119.5,80%,119.5,20%,119.5
,Jase McClellan,119.5,80%,119.5,20%,119.5
,Pierre Strong,119.5,80%,119.5,20%,119.5
,Julius Chestnut,119.5,80%,119.5,20%,119.5
4147,Samaje Perine,119.5,80%,119.5,20%,119.5
,Clyde Edwards-Helaire,119.5,80%,119.5,20%,119.5
,D'Ernest Johnson,119.5,80%,119.5,20%,119.5
,Kenny McIntosh,119.5,80%,119.5,20%,119.5
,D'Onta Foreman,119.5,80%,119.5,20%,119.5
,Jamaal Williams,119.5,80%,119.5,20%,119.5
,Chris Evans,119.5,80%,119.5,20%,119.5
,Ronnie Rivers,119.5,80%,119.5,20%,119.5
,Kendall Milton,119.5,80%,119.5,20%,119.5
,Trayveon Williams,119.5,80%,119.5,20%,119.5
,Cordarrelle Patterson,119.5,80%,119.5,20%,119.5
,JaMycal Hasty,119.5,80%,119.5,20%,119.5
,Craig Reynolds,119.5,80%,119.5,20%,119.5
,DeeJay Dallas,119.5,80%,119.5,20%,119.5
,Chase Edmonds,119.5,80%,119.5,20%,119.5
,Jeff Wilson,119.5,80%,119.5,20%,119.5
,Travis Homer,119.5,80%,119.5,20%,119.5
,Raheem Blackshear,119.5,80%,119.5,20%,119.5
,Joshua Kelley,119.5,80%,119.5,20%,119.5
,Evan Hull,119.5,80%,119.5,20%,119.5
,Isaiah Spiller,119.5,80%,119.5,20%,119.5
,Nyheim Hines,119.5,80%,119.5,20%,119.5
,Rashaad Penny,119.5,80%,119.5,20%,119.5
,James Robinson,119.5,80%,119.5,20%,119.5
,Jaret Patterson,119.5,80%,119.5,20%,119.5
,Deneric Prince,119.5,80%,119.5,20%,119.5
,Dillon Johnson,119.5,80%,119.5,20%,119.5
,Louis Rees-Zammit,119.5,80%,119.5,20%,119.5
11588,Jawhar Jordan,119.5,80%,119.5,20%,119.5
,Keaontay Ingram,119.5,80%,119.5,20%,119.5
,Kevin Harris,119.5,80%,119.5,20%,119.5
,Leonard Fournette,119.5,80%,119.5,20%,119.5
8800,Malik Davis,119.5,80%,119.5,20%,119.5
7607,Michael Carter,119.5,80%,119.5,20%,119.5
,Myles Gaskin,119.5,80%,119.5,20%,119.5
,Royce Freeman,119.5,80%,119.5,20%,119.5
,Tyrion Davis-Price,119.5,80%,119.5,20%,119.5
,Zach Evans,119.5,80%,119.5,20%,119.5
,Tony Jones,119.5,80%,119.5,20%,119.5
,Salvon Ahmed,119.5,80%,119.5,20%,119.5
,Ke'Shawn Vaughn,119.5,80%,119.5,20%,119.5
,Anthony McFarland,119.5,80%,119.5,20%,119.5
,Gary Brightwell,119.5,80%,119.5,20%,119.5
,Matt Breida,119.5,80%,119.5,20%,119.5
,Caleb Huntley,119.5,80%,119.5,20%,119.5
,Damien Harris,119.5,80%,119.5,20%,119.5
,J.D. McKissic,119.5,80%,119.5,20%,119.5
,Jermar Jefferson,119.5,80%,119.5,20%,119.5
,J.J. Taylor,119.5,80%,119.5,20%,119.5
,Latavius Murray,119.5,80%,119.5,20%,119.5
,Rex Burkhead,119.5,80%,119.5,20%,119.5
,Trestan Ebner,119.5,80%,119.5,20%,119.5
,Boston Scott,119.5,80%,119.5,20%,119.5
,Darrell Henderson,119.5,80%,119.5,20%,119.5
,Eno Benjamin,119.5,80%,119.5,20%,119.5
,Kene Nwangwu,119.5,80%,119.5,20%,119.5
,Deon Jackson,119.5,80%,119.5,20%,119.5
8122,Zonovan Knight,119.5,80%,119.5,20%,119.5
,Jerick McKinnon,119.5,80%,119.5,20%,119.5
,Blake Watson,119.5,80%,119.5,20%,119.5
,Dalvin Cook,119.5,80%,119.5,20%,119.5
11604,Brock Bowers,1.5,50%,1.5,50%,3
8130,Trey McBride,1.5,50%,1.5,50%,3
5844,T.J. Hockenson,20,50%,25,50%,15
8110,Jake Ferguson,5.5,60%,5.5,40%,20
7553,Kyle Pitts,11.5,80%,11.5,20%,5.5
10859,Sam LaPorta,9,50%,9,50%,20
4066,Evan Engram,29.5,50%,29.5,50%,70
10236,Dalton Kincaid,9,70%,9,30%,29.5
4217,George Kittle,15,50%,5.5,50%,20
4033,David Njoku,15,50%,11.5,50%,25
5022,Dallas Goedert,11.5,80%,20,20%,11.5
8131,Isaiah Likely,15,60%,15,40%,29.5
5012,Mark Andrews,25,80%,25,20%,9
6826,Cole Kmet,37,50%,70,50%,37
7600,Pat Freiermuth,39,75%,37,25%,15
1466,Travis Kelce,25,80%,25,20%,25
4144,Jonnu Smith,33.5,50%,37,50%,70
3214,Hunter Henry,20,80%,33.5,20%,20
11596,Ben Sinnott,70,80%,70,20%,39
9484,Tucker Kraft,3,50%,3,50%,9
8111,Cade Otton,29.5,50%,37,50%,70
11592,Erick All,70,95%,70,5%,37
5001,Dalton Schultz,20,75%,70,25%,29.5
11600,Ja'Tavion Sanders,29.5,40%,29.5,60%,70
1339,Zach Ertz,25,80%,25,20%,25
4993,Mike Gesicki,29.5,60%,29.5,40%,70
5857,Noah Fant,37,90%,70,10%,37
11597,Theo Johnson,20,50%,70,50%,37
,Tyler Conklin,33.5,80%,70,20%,37
,Jelani Woods,70,80%,70,20%,70
8210,Chig Okonkwo,37,50%,70,50%,37
,Tyler Higbee,40.5,80%,70,20%,42
7002,Juwan Johnson,20,50%,70,50%,29.5
9481,Luke Musgrave,33.5,80%,70,20%,37
8172,Greg Dulcich,70,80%,70,20%,70
,Hayden Hurst,70,80%,70,20%,70
4381,Taysom Hill,9,80%,9,20%,9
6865,Colby Parkinson,70,80%,70,20%,70
9482,Michael Mayer,70,90%,70,10%,37
8225,Daniel Bellinger,70,80%,70,20%,70
7828,Noah Gray,70,80%,70,20%,37
,Will Dissly,70,80%,70,20%,70
11599,Cade Stover,70,80%,70,20%,40.5
9480,Brenton Strange,25,50%,25,50%,70
,Luke Schoonmaker,70,95%,70,5%,37
5906,Dawson Knox,70,80%,70,20%,70
9479,Darnell Washington,70,80%,70,20%,70
11603,AJ Barner,70,80%,70,20%,70
,Davis Allen,70,80%,70,20%,70
10231,Elijah Higgins,70,80%,70,20%,70
11595,Jared Wiley,70,80%,70,20%,70
,Brevin Jordan,70,80%,70,20%,70
,Tommy Tremble,70,80%,70,20%,70
7891,Brock Wright,70,80%,70,20%,70
,Foster Moreau,70,80%,70,20%,70
,Josh Oliver,70,80%,70,20%,70
,Jaheim Bell,70,80%,70,20%,70
,Lucas Krull,70,80%,70,20%,70
,Adam Trautman,70,80%,70,20%,70
,Jeremy Ruckert,70,80%,70,20%,70
,Austin Hooper,70,80%,70,20%,70
,Kylen Granson,70,80%,70,20%,70
,Charlie Kolar,70,80%,70,20%,70
,Josh Whyle,70,80%,70,20%,70
,Drew Sample,70,80%,70,20%,70
,Peyton Hendershot,70,80%,70,20%,70
,Harrison Bryant,70,80%,70,20%,70
,Tip Reiman,70,80%,70,20%,70
,Gerald Everett,70,80%,70,20%,70
,Will Mallory,70,80%,70,20%,70
,Tanner Hudson,70,80%,70,20%,70
,Drew Ogletree,70,80%,70,20%,70
,Mo Alie-Cox,70,80%,70,20%,70
,Hunter Long,70,80%,70,20%,70
,Ian Thomas,70,80%,70,20%,70
,John Bates,70,80%,70,20%,70
,Durham Smythe,70,80%,70,20%,70
,Albert Okwuegbunam,70,80%,70,20%,70
2505,Darren Waller,70,90%,70,10%,37
,C.J. Uzomah,70,80%,70,20%,70
,Josiah Deguara,70,80%,70,20%,70
,Donald Parham,70,80%,70,20%,70
,Irv Smith,70,80%,70,20%,70
,Teagan Quitoriano,70,80%,70,20%,70
,Logan Thomas,70,80%,70,20%,70
,Robert Tonyan,70,80%,70,20%,70
,James Mitchell,70,80%,70,20%,70
,Brycen Hopkins,70,80%,70,20%,70
,Cole Turner,70,80%,70,20%,70
,Johnny Mundt,70,80%,70,20%,70
7564,Ja'Marr Chase,2,80%,2,20%,4.5
11632,Malik Nabers,31,80%,2,20%,4.5
7569,Nico Collins,14.5,50%,14.5,50%,4.5
6794,Justin Jefferson,6,50%,4.5,50%,2
9493,Puka Nacua,2,80%,4.5,20%,2
6786,CeeDee Lamb,2,80%,4.5,20%,6
8146,Garrett Wilson,14.5,75%,14.5,25%,6
7547,Amon-Ra St. Brown,4.5,80%,4.5,20%,14.5
8112,Drake London,9,50%,9,50%,4.5
11631,Brian Thomas,31,60%,31,40%,7
11628,Marvin Harrison,31,60%,31,40%,7
5859,A.J. Brown,14.5,70%,14.5,30%,4.5
6801,Tee Higgins,9,40%,9,60%,20.5
11620,Rome Odunze,20.5,50%,20.5,50%,14.5
9488,Jaxon Smith-Njigba,4.5,50%,4.5,50%,14.5
9997,Zay Flowers,14.5,50%,14.5,50%,20.5
7526,Jaylen Waddle,20.5,50%,20.5,50%,14.5
11635,Ladd McConkey,14.5,50%,14.5,50%,31
8137,George Pickens,9,50%,9,50%,20.5
5927,Terry McLaurin,31,50%,31,50%,14.5
9500,Josh Downs,67,60%,67,40%,40.5
8144,Chris Olave,9,50%,9,50%,14.5
3321,Tyreek Hill,168.5,80%,168.5,20%,31
7525,DeVonta Smith,20.5,50%,20.5,50%,31
4983,DJ Moore,51.5,50%,51.5,50%,31
9756,Jordan Addison,31,80%,31,20%,51.5
10222,Jayden Reed,40.5,80%,40.5,20%,51.5
5846,DK Metcalf,31,80%,31,20%,14.5
2216,Mike Evans,20.5,50%,20.5,50%,51.5
8134,Khalil Shakir,43.5,80%,43.5,20%,67
6819,Michael Pittman,14.5,50%,14.5,50%,31
11624,Xavier Worthy,31,60%,51.5,40%,67
4039,Cooper Kupp,59,80%,59,20%,168.5
5045,Courtland Sutton,31,80%,31,20%,14.5
8148,Jameson Williams,51.5,80%,51.5,20%,31
9502,Tank Dell,168.5,60%,168.5,40%,51.5
6803,Brandon Aiyuk,51.5,60%,51.5,40%,14.5
10229,Rashee Rice,9,50%,9,50%,168.5
7049,Jauan Jennings,51.5,50%,51.5,50%,31
5947,Jakobi Meyers,31,80%,31,20%,20.5
,Amari Cooper,168.5,80%,168.5,20%,168.5
7090,Darnell Mooney,79.5,80%,79.5,20%,51.5
10444,Cedric Tillman,79.5,80%,79.5,20%,51.5
4037,Chris Godwin,40.5,50%,40.5,50%,31
5872,Deebo Samuel,51.5,80%,51.5,20%,31
8676,Rashid Shaheed,51.5,70%,51.5,30%,31
,Diontae Johnson,168.5,50%,168.5,50%,168.5
4981,Calvin Ridley,51.5,50%,51.5,50%,31
5848,Hollywood Brown,67,50%,67,50%,51.5
2133,Davante Adams,20.5,80%,20.5,20%,9
4950,Christian Kirk,67,80%,67,20%,51.5
11646,Jalen Coker,51.5,60%,51.5,40%,31
8167,Christian Watson,31,95%,31,5%,7
7571,Rashod Bateman,67,80%,67,20%,51.5
11626,Xavier Legette,67,50%,67,50%,67
2449,Stefon Diggs,40.5,80%,40.5,20%,31
11625,Adonai Mitchell,79.5,90%,79.5,10%,31
9486,Dontayvion Wicks,79.5,80%,79.5,20%,79.5
6783,Jerry Jeudy,67,90%,67,10%,51.5
11638,Ricky Pearsall,51.5,50%,51.5,50%,31
,Adam Thielen,168.5,80%,168.5,20%,168.5
11637,Keon Coleman,79.5,80%,79.5,20%,51.5
1426,DeAndre Hopkins,168.5,80%,168.5,20%,168.5
8126,Wan'Dale Robinson,43.5,50%,43.5,50%,31
8121,Romeo Doubs,51.5,80%,51.5,20%,31
9501,DeMario Douglas,168.5,95%,168.5,5%,168.5
,Elijah Moore,168.5,95%,168.5,5%,168.5
,Javon Baker,168.5,80%,168.5,20%,168.5
,Jermaine Burton,168.5,95%,168.5,5%,168.5
1479,Keenan Allen,67,50%,168.5,50%,168.5
4082,Curtis Samuel,168.5,80%,168.5,20%,168.5
,Gabe Davis,168.5,80%,168.5,20%,168.5
8142,Alec Pierce,31,80%,31,20%,51.5
11619,Ja'Lynn Polk,168.5,95%,168.5,5%,168.5
,Tyler Boyd,168.5,80%,168.5,20%,168.5
,Brandin Cooks,168.5,80%,168.5,20%,168.5
,Mike Williams,168.5,80%,168.5,20%,168.5
10232,Michael Wilson,31,50%,31,50%,51.5
2374,Tyler Lockett,168.5,80%,168.5,20%,168.5
9754,Quentin Johnston,31,30%,31,70%,51.5
11618,Jalen McMillan,51.5,70%,51.5,30%,31
11650,Luke McCaffrey,168.5,80%,168.5,20%,168.5
,Kendrick Bourne,168.5,95%,168.5,5%,168.5
7670,Joshua Palmer,168.5,95%,168.5,5%,168.5
8119,Jahan Dotson,168.5,80%,168.5,20%,168.5
,Odell Beckham,168.5,80%,168.5,20%,168.5
,Rondale Moore,168.5,80%,168.5,20%,168.5
9494,Marvin Mims,79.5,80%,79.5,20%,67
10213,Tre Tucker,67,50%,67,50%,51.5
,Trey Palmer,168.5,80%,168.5,20%,168.5
,Jalin Hyatt,168.5,80%,168.5,20%,168.5
,Jonathan Mingo,168.5,95%,168.5,5%,168.5
,Greg Dortch,168.5,80%,168.5,20%,168.5
,Bo Melton,168.5,80%,168.5,20%,168.5
11630,Roman Wilson,168.5,95%,168.5,5%,168.5
,Jacob Cowing,168.5,80%,168.5,20%,168.5
11629,Devontez Walker,168.5,80%,168.5,20%,168.5
,Ainias Smith,168.5,80%,168.5,20%,168.5
,Malachi Corley,168.5,80%,168.5,20%,168.5
11627,Troy Franklin,51.5,50%,51.5,50%,79.5
10226,Andrei Iosivas,168.5,95%,168.5,5%,168.5
9504,Kayshon Boutte,51.5,50%,51.5,50%,79.5
8147,John Metchie,168.5,80%,168.5,20%,168.5
11834,Devaughn Vele,67,90%,67,10%,40.5
,Jalen Tolbert,168.5,95%,168.5,5%,168.5
11623,Jordan Whittington,168.5,95%,168.5,5%,168.5
7496,Nick Westbrook-Ikhine,168.5,80%,168.5,20%,168.5
8125,Calvin Austin,168.5,80%,168.5,20%,168.5
11610,Malik Washington,168.5,80%,168.5,20%,168.5
9487,Parker Washington,40.5,60%,40.5,40%,168.5
8180,Jalen Nailor,168.5,80%,168.5,20%,168.5
,Noah Brown,168.5,80%,168.5,20%,168.5
6149,Darius Slayton,67,50%,67,50%,168.5
7562,Tutu Atwell,168.5,95%,168.5,5%,168.5
,Ray-Ray McCloud,168.5,80%,168.5,20%,168.5
,Bub Means,168.5,80%,168.5,20%,168.5
10218,Xavier Hutchinson,168.5,80%,168.5,20%,168.5
,Demarcus Robinson,168.5,80%,168.5,20%,168.5
,JuJu Smith-Schuster,168.5,80%,168.5,20%,168.5
,Marquez Valdes-Scantling,168.5,80%,168.5,20%,168.5
,Dyami Brown,168.5,80%,168.5,20%,168.5
8917,KaVontae Turpin,168.5,80%,168.5,20%,168.5
8135,Treylon Burks,168.5,80%,168.5,20%,168.5
,Brenden Rice,168.5,80%,168.5,20%,168.5
,Lil'Jordan Humphrey,168.5,80%,168.5,20%,168.5
,David Moore,168.5,80%,168.5,20%,168.5
5185,Allen Lazard,168.5,80%,168.5,20%,168.5
,Xavier Gipson,168.5,80%,168.5,20%,168.5
,Johnny Wilson,168.5,80%,168.5,20%,168.5
11895,Mason Tipton,168.5,80%,168.5,20%,168.5
,Tyler Johnson,168.5,80%,168.5,20%,168.5
,Tahj Washington,168.5,80%,168.5,20%,168.5
,Tylan Wallace,168.5,80%,168.5,20%,168.5
,Mecole Hardman,168.5,80%,168.5,20%,168.5
,Josh Reynolds,168.5,80%,168.5,20%,168.5
,Sterling Shepard,168.5,80%,168.5,20%,168.5
,Jamari Thrash,168.5,80%,168.5,20%,168.5
,Rakim Jarrett,168.5,80%,168.5,20%,168.5
,Jake Bobo,168.5,80%,168.5,20%,168.5
,Tim Patrick,168.5,80%,168.5,20%,168.5
,K.J. Osborn,168.5,80%,168.5,20%,168.5
,Van Jefferson,168.5,80%,168.5,20%,168.5
,Zay Jones,168.5,80%,168.5,20%,168.5
6271,Olamide Zaccheaus,168.5,80%,168.5,20%,168.5
,DJ Chark,168.5,80%,168.5,20%,168.5
,David Bell,168.5,80%,168.5,20%,168.5
4177,Mack Hollins,168.5,80%,168.5,20%,168.5
,Justin Watson,168.5,80%,168.5,20%,168.5
,Cedrick Wilson,168.5,80%,168.5,20%,168.5
,Tyler Scott,168.5,80%,168.5,20%,168.5
,KJ Hamler,168.5,80%,168.5,20%,168.5
,Isaiah Hodgins,168.5,80%,168.5,20%,168.5
8188,Tyquan Thornton,168.5,80%,168.5,20%,168.5
,DJ Turner,168.5,80%,168.5,20%,168.5
,Kalif Raymond,168.5,80%,168.5,20%,168.5
11783,Ryan Flournoy,168.5,80%,168.5,20%,168.5
,Skyy Moore,168.5,80%,168.5,20%,168.5
,Derius Davis,168.5,80%,168.5,20%,168.5
,Nelson Agholor,168.5,80%,168.5,20%,168.5
,Malik Heath,168.5,80%,168.5,20%,168.5
,Ronnie Bell,168.5,80%,168.5,20%,168.5
,Ashton Dulin,168.5,80%,168.5,20%,168.5
,Brandon Powell,168.5,80%,168.5,20%,168.5
,Jalen Reagor,168.5,80%,168.5,20%,168.5
,Laviska Shenault,168.5,80%,168.5,20%,168.5
,Terrace Marshall,168.5,80%,168.5,20%,168.5
,Charlie Jones,168.5,80%,168.5,20%,168.5
,Justyn Ross,168.5,80%,168.5,20%,168.5
,Devin Duvernay,168.5,80%,168.5,20%,168.5
,Justin Shorter,168.5,80%,168.5,20%,168.5
,Deven Thompkins,168.5,80%,168.5,20%,168.5
,Trenton Irwin,168.5,80%,168.5,20%,168.5
,Scotty Miller,168.5,80%,168.5,20%,168.5
,Kadarius Toney,168.5,80%,168.5,20%,168.5
,Anthony Schwartz,168.5,80%,168.5,20%,168.5
,A.T. Perry,168.5,80%,168.5,20%,168.5
,Erik Ezukanma,168.5,80%,168.5,20%,168.5
,Ben Skowronek,168.5,80%,168.5,20%,168.5
,Jaelon Darden,168.5,80%,168.5,20%,168.5
,Robert Woods,168.5,80%,168.5,20%,168.5
,Bryce Ford-Wheaton,168.5,80%,168.5,20%,168.5
,Deonte Harty,168.5,80%,168.5,20%,168.5
,Ihmir Smith-Marsette,168.5,80%,168.5,20%,168.5
,Marquez Callaway,168.5,80%,168.5,20%,168.5
,Trent Sherfield,168.5,80%,168.5,20%,168.5
,Kyle Philips,168.5,80%,168.5,20%,168.5
,Donovan Peoples-Jones,168.5,80%,168.5,20%,168.5
,Zach Pascal,168.5,80%,168.5,20%,168.5
,Braxton Berrios,168.5,80%,168.5,20%,168.5
,Parris Campbell,168.5,80%,168.5,20%,168.5
,Danny Gray,168.5,80%,168.5,20%,168.5
,Jamison Crowder,168.5,80%,168.5,20%,168.5
,DeAndre Carter,168.5,80%,168.5,20%,168.5
,D'Wayne Eskridge,168.5,80%,168.5,20%,168.5
,DeVante Parker,168.5,80%,168.5,20%,168.5
,Equanimeous St. Brown,168.5,80%,168.5,20%,168.5
,Denzel Mims,168.5,80%,168.5,20%,168.5
,Jalen Guyton,168.5,80%,168.5,20%,168.5
,Quez Watkins,168.5,80%,168.5,20%,168.5
,River Cracraft,168.5,80%,168.5,20%,168.5
,Tre'Quan Smith,168.5,80%,168.5,20%,168.5
,Velus Jones,168.5,80%,168.5,20%,168.5
,Marquise Goodwin,168.5,80%,168.5,20%,168.5
,Michael Gallup,168.5,80%,168.5,20%,168.5
,Miles Boykin,168.5,80%,168.5,20%,168.5
,Michael Thomas,168.5,80%,168.5,20%,168.5
,Richie James,168.5,80%,168.5,20%,168.5
,Samori Toure,168.5,80%,168.5,20%,168.5
,Dee Eskridge,168.5,80%,168.5,20%,168.5
,Jamal Agnew,168.5,80%,168.5,20%,168.5
,Jason Brownlee,168.5,80%,168.5,20%,168.5
,Josh Doctson,168.5,80%,168.5,20%,168.5
,Bryan Edwards,168.5,80%,168.5,20%,168.5
,Chris Moore,168.5,80%,168.5,20%,168.5
,Russell Gage,168.5,80%,168.5,20%,168.5
,James Washington,168.5,80%,168.5,20%,168.5
,Julio Jones,168.5,80%,168.5,20%,168.5
,Marvin Jones,168.5,80%,168.5,20%,168.5
,N'Keal Harry,168.5,80%,168.5,20%,168.5
,Randall Cobb,168.5,80%,168.5,20%,168.5
,Jacob Harris,168.5,80%,168.5,20%,168.5
,Taylor Gabriel,168.5,80%,168.5,20%,168.5
,Taywan Taylor,168.5,80%,168.5,20%,168.5
,Hunter Renfrow,168.5,80%,168.5,20%,168.5
,Auden Tate,168.5,80%,168.5,20%,168.5
,Chase Claypool,168.5,80%,168.5,20%,168.5
,Allen Robinson,168.5,80%,168.5,20%,168.5
,Amari Rodgers,168.5,80%,168.5,20%,168.5
12522,Cam Ward,26,70%,24,30%,64.5
12508,Jaxson Dart,14.5,80%,14.5,20%,64.5
12545,Tyler Shough,19.5,50%,19.5,50%,64.5
12527,Ashton Jeanty,8.5,50%,8.5,50%,5
12507,Omarion Hampton,8.5,50%,8.5,50%,14.5
12517,Colston Loveland,5.5,90%,5.5,10%,3
12518,Tyler Warren,5.5,50%,5.5,50%,3
12526,Tetairoa McMillan,31,50%,31,50%,6
12530,Travis Hunter,79.5,70%,79.5,30%,4.5
12514,Emeka Egbuka,20.5,80%,20.5,20%,40.5
12501,Matthew Golden,79.5,90%,79.5,10%,31
12512,Quinshon Judkins,22.5,20%,22.5,80%,8.5
12529,TreVeyon Henderson,29,30%,29,70%,22.5
12489,RJ Harvey,29,50%,29,50%,22.5
12504,Kaleb Johnson,119.5,80%,119.5,20%,22.5
12498,Mason Taylor,25,80%,25,20%,11.5
12487,Terrance Ferguson,15,50%,15,50%,40.5
12521,Elijah Arroyo,40.5,80%,40.5,20%,20
12506,Harold Fannin,5.5,50%,5.5,50%,11.5
12484,Jayden Higgins,79.5,50%,79.5,50%,31
12519,Luther Burden,31,90%,31,10%,7
12509,Tre' Harris,51.5,60%,51.5,40%,168.5
12483,Jack Bech,67,50%,67,50%,40.5
12547,Kyle Williams,67,80%,67,20%,51.5
12535,Isaac TeSlaa,79.5,40%,79.5,60%,168.5
12492,Pat Bryant,67,50%,67,50%,51.5
12536,Jaylin Noel,67,50%,67,50%,40.5
12496,Tai Felton,168.5,95%,168.5,5%,168.5
12510,Jalen Milroe,64.5,95%,64.5,5%,14.5
12481,Cam Skattebo,35.5,80%,22.5,20%,14.5
12490,Bhayshul Tuten,22.5,60%,22.5,40%,41.5
12469,Dylan Sampson,46.5,50%,46.5,50%,54.5
12457,Jaydon Blue,119.5,50%,119.5,50%,46.5
12543,Tahj Brooks,119.5,50%,119.5,50%,54.5
12476,Devin Neal,54.5,50%,54.5,50%,119.5
12495,Ollie Gordon,54.5,50%,54.5,50%,119.5
12531,Trevor Etienne,119.5,50%,119.5,50%,54.5
12474,Woody Marks,29,50%,29,50%,46.5
11569,Jarquez Hunter,119.5,90%,119.5,10%,46.5
12455,Brashard Smith,119.5,60%,119.5,40%,46.5
12534,Kyle Monangai,29,80%,29,20%,54.5
12502,Gunnar Helm,33.5,80%,33.5,20%,15
12493,Oronde Gadsden,15,50%,15,50%,25
12499,Elic Ayomanor,67,40%,67,60%,168.5
12670,KeAndre Lambert-Smith,168.5,95%,168.5,5%,168.5
12497,Tory Horton,168.5,70%,51.5,30%,168.5
12524,Shedeur Sanders,26,10%,26,90%,64.5
12511,Will Howard,64.5,80%,64.5,20%,64.5
12467,Jordan James,119.5,20%,119.5,80%,54.5
12471,DJ Giddens,119.5,50%,119.5,50%,54.5
12516,Kalel Mullings,119.5,90%,119.5,10%,119.5
12462,Damien Martinez,119.5,80%,119.5,20%,119.5
12540,Chimere Dike,168.5,80%,168.5,20%,168.5
12541,Dont'e Thornton Jr.,168.5,80%,168.5,20%,168.5
12539,Arian Smith,168.5,80%,168.5,20%,168.5
12641,Jaylin Lane,168.5,80%,168.5,20%,168.5
12505,Jalen Royals,168.5,80%,168.5,20%,168.5
12634,Jordan Watkins,168.5,80%,168.5,20%,168.5
12533,Jacory Croskey-Merritt,41.5,50%,41.5,50%,54.5
12486,Dillon Gabriel,64.5,95%,64.5,5%,64.5
12503,Isaiah Bond,168.5,50%,168.5,50%,168.5
12485,Tez Johnson,168.5,50%,168.5,50%,168.5
12500,Quinn Ewers,64.5,95%,64.5,5%,26
,,,80%,,,
,,,80%,,,
,,,80%,,,
,,,80%,,,
,,,80%,,,
,,,80%,,,
,,,80%,,,
,,,80%,,,
,,,80%,,,
,,,80%,,,
,,,80%,,,
,,,80%,,,
,,,80%,,,
,,,80%,,,
,,,80%,,,
,,,80%,,,
,,,80%,,,
,,,80%,,,
,,,80%,,,
,,,80%,,,
,,,80%,,,
,,,80%,,,
,,,80%,,,
,,,80%,,,
,,,80%,,,
,,,80%,,,
,,,80%,,,
,,,80%,,,
,,,80%,,,
,,,80%,,,
,,,80%,,,
,,,80%,,,
,,,80%,,,
,,,80%,,,
,,,80%,,,
,,,80%,,,
,,,80%,,,
,,,80%,,,
,,,80%,,,
,,,80%,,,
,,,80%,,,
,,,80%,,,
,,,80%,,,
,,,80%,,,
,,,80%,,,
,,,80%,,,
,,,80%,,,
,,,80%,,,
,,,80%,,,
,,,80%,,,
,,,80%,,,
,,,80%,,,
,,,80%,,,
,,,80%,,,
,,,80%,,,
,,,80%,,,
,,,80%,,,
,,,80%,,,
,,,80%,,,
,,,80%,,,
,,,80%,,,
,,,80%,,,
,,,80%,,,
,,,80%,,,
,,,80%,,,
,,,80%,,,
,,,80%,,,
,,,80%,,,
,,,80%,,,
,,,80%,,,
,,,80%,,,
,,,80%,,,
,,,80%,,,
,,,80%,,,
,,,80%,,,
,,,80%,,,
,,,80%,,,
,,,80%,,,
,,,80%,,,
,,,80%,,,
,,,80%,,,
,,,80%,,,
,,,80%,,,
,,,80%,,,
,,,80%,,,
,,,80%,,,
,,,80%,,,
,,,80%,,,
,,,80%,,,
,,,80%,,,
,,,80%,,,
,,,80%,,,
,,,80%,,,
,,,80%,,,
,,,80%,,,
,,,80%,,,
,,,80%,,,
,,,80%,,,
,,,80%,,,
,,,80%,,,
,,,80%,,,
,,,80%,,,
,,,80%,,,
,,,80%,,,
,,,80%,,,
,,,80%,,,
,,,80%,,,
,,,80%,,,
,,,80%,,,
,,,80%,,,
,,,80%,,,
,,,80%,,,
,,,80%,,,
,,,80%,,,
,,,80%,,,
,,,80%,,,
,,,80%,,,
,,,80%,,,
,,,80%,,,
,,,80%,,,
,,,80%,,,
,,,80%,,,
,,,80%,,,
,,,80%,,,
,,,80%,,,
,,,80%,,,
,,,80%,,,
,,,80%,,,
,,,80%,,,
,,,80%,,,
,,,80%,,,
,,,80%,,,
,,,80%,,,
,,,80%,,,
,,,80%,,,
,,,80%,,,
,,,80%,,,
,,,80%,,,
,,,80%,,,
,,,80%,,,
,,,80%,,,
,,,80%,,,
,,,80%,,,
,,,80%,,,
,,,80%,,,
,,,80%,,,
,,,80%,,,
,,,80%,,,
,,,80%,,,
,,,80%,,,
,,,80%,,,
,,,80%,,,
,,,80%,,,
,,,80%,,,
,,,80%,,,
,,,80%,,,
,,,80%,,,
,,,80%,,,
,,,80%,,,
,,,80%,,,
,,,80%,,,
,,,80%,,,
,,,80%,,,
,,,80%,,,
,,,80%,,,
,,,80%,,,
,,,80%,,,
,,,80%,,,
,,,80%,,,
,,,80%,,,
,,,80%,,,
,,,80%,,,
,,,80%,,,
,,,80%,,,
,,,80%,,,
,,,80%,,,
,,,80%,,,
,,,80%,,,
,,,80%,,,
,,,80%,,,
,,,80%,,,
,,,80%,,,
,,,80%,,,
,,,80%,,,
,,,80%,,,
,,,80%,,,
,,,80%,,,
,,,80%,,,
,,,80%,,,
,,,80%,,,
,,,80%,,,
,,,80%,,,
,,,80%,,,
,,,80%,,,
,,,80%,,,
,,,80%,,,
,,,80%,,,
,,,80%,,,
,,,80%,,,
,,,80%,,,
,,,80%,,,
,,,80%,,,
,,,80%,,,
,,,80%,,,
,,,80%,,,
,,,80%,,,
,,,80%,,,
,,,80%,,,
,,,80%,,,
,,,80%,,,
,,,80%,,,
,,,80%,,,
,,,80%,,,
,,,80%,,,
,,,80%,,,
,,,80%,,,
,,,80%,,,
,,,80%,,,
,,,80%,,,
,,,80%,,,
,,,80%,,,
,,,80%,,,
,,,80%,,,
,,,80%,,,
,,,80%,,,
,,,80%,,,
,,,80%,,,
,,,80%,,,
,,,80%,,,
,,,80%,,,
,,,80%,,,
,,,80%,,,
,,,80%,,,
,,,80%,,,
,,,80%,,,
,,,80%,,,
,,,80%,,,
,,,80%,,,
,,,80%,,,
,,,80%,,,
,,,80%,,,
,,,80%,,,
,,,80%,,,
,,,80%,,,
,,,80%,,,
,,,80%,,,
,,,80%,,,
,,,80%,,,
,,,80%,,,
,,,80%,,,
,,,80%,,,
,,,80%,,,
,,,80%,,,
,,,80%,,,
,,,80%,,,
,,,80%,,,
,,,80%,,,
,,,80%,,,
,,,80%,,,
,,,80%,,,
,,,80%,,,
,,,80%,,,
,,,80%,,,
,,,80%,,,
,,,80%,,,
,,,80%,,,
,,,80%,,,
,,,80%,,,
,,,80%,,,
,,,80%,,,
,,,80%,,,
,,,80%,,,
,,,80%,,,
,,,80%,,,
,,,80%,,,
,,,80%,,,
,,,80%,,,
,,,80%,,,
,,,80%,,,
,,,80%,,,
,,,80%,,,
,,,80%,,,
,,,80%,,,
,,,80%,,,
,,,80%,,,
,,,80%,,,
,,,80%,,,
,,,80%,,,
,,,80%,,,
,,,80%,,,
,,,80%,,,
,,,80%,,,
,,,80%,,,
,,,80%,,,
,,,80%,,,
,,,80%,,,
,,,80%,,,
,,,80%,,,
,,,80%,,,
,,,80%,,,
,,,80%,,,
,,,80%,,,
,,,80%,,,
,,,80%,,,
,,,80%,,,
,,,80%,,,
,,,80%,,,
,,,80%,,,
,,,80%,,,
,,,80%,,,
,,,80%,,,
,,,80%,,,
,,,80%,,,
,,,80%,,,